id,package,package_manager,version,full_path,line
DEF68E97-B2F5-49FA-AC44-1AFDA58C7986,accountsservice,dpkg,0.6.45-1ubuntu1,/usr/share/dbus-1/interfaces/org.freedesktop.Accounts.User.xml,              <doc:definition>Password must be set at next login</doc:definition>
DDF222AB-C5A0-4D27-8D9C-2A893AB316E3,accountsservice,dpkg,0.6.45-1ubuntu1,/usr/share/dbus-1/interfaces/org.freedesktop.Accounts.User.xml,            <doc:definition>To change the keyboard layouts of another user</doc:definition>
A7AB7BB0-21B8-45C0-90C4-303414461201,accountsservice,dpkg,0.6.45-1ubuntu1,/usr/share/dbus-1/interfaces/org.freedesktop.Accounts.User.xml,"  <method name=""SetPasswordMode"">"
9E0301C4-F676-4CB1-9E2A-346FED72E853,accountsservice,dpkg,0.6.45-1ubuntu1,/usr/share/dbus-1/interfaces/org.freedesktop.Accounts.User.xml,"  <property name=""PasswordHint"" type=""s"" access=""read"">"
98B8C964-DEDD-4E57-A093-38A88E9D90E0,accountsservice,dpkg,0.6.45-1ubuntu1,/usr/share/dbus-1/interfaces/org.freedesktop.Accounts.User.xml,          The password hint.
0D92F052-0CAE-4AE3-9097-3D87767FBEBC,accountsservice,dpkg,0.6.45-1ubuntu1,/usr/share/language-tools/language-options,            for my $lang ( keys %langpack_langcodes ) {
5370B75B-8F3F-4B28-B1ED-545927C1C0A5,accountsservice,dpkg,0.6.45-1ubuntu1,/usr/share/dbus-1/interfaces/org.freedesktop.Accounts.User.xml,          Sets the users password hint.
47FB2E71-2B72-49BB-BF8D-56C36420F0C8,accountsservice,dpkg,0.6.45-1ubuntu1,/usr/share/dbus-1/interfaces/org.freedesktop.Accounts.User.xml,              <doc:definition>Regular password</doc:definition>
EC7B8C0E-7040-4C17-B7F8-58CCBB430F34,accountsservice,dpkg,0.6.45-1ubuntu1,/usr/share/language-tools/language-options,    for my $langcode ( keys %count ) {
DD8EFBD1-C2C6-4F71-A972-5A9DAA0B23DD,accountsservice,dpkg,0.6.45-1ubuntu1,/usr/share/polkit-1/actions/org.freedesktop.accounts.policy,"    <annotate key=""org.gnome.gconf.defaults.set-mandatory.prefix"">/apps/gdm/simple-greeter</annotate>"
389E43CF-0CEA-462D-8894-6E7BD9196C48,accountsservice,dpkg,0.6.45-1ubuntu1,/usr/share/dbus-1/interfaces/org.freedesktop.Accounts.User.xml,          Note that changing the password mode has the side-effect of
E7B6708A-C331-4D9F-B917-6E8183D6A6B1,accountsservice,dpkg,0.6.45-1ubuntu1,/usr/share/dbus-1/interfaces/org.freedesktop.Accounts.User.xml,            <doc:definition>To change his or her own keyboard layouts</doc:definition>
9F9DC93A-C3E5-44DF-9AF5-6EB48A42716D,accountsservice,dpkg,0.6.45-1ubuntu1,/usr/share/dbus-1/interfaces/org.freedesktop.Accounts.User.xml,"  <property name=""PasswordMode"" type=""i"" access=""read"">"
9383C3DE-5C90-49AC-A7C3-6F74D6803C3F,accountsservice,dpkg,0.6.45-1ubuntu1,/usr/share/dbus-1/interfaces/org.freedesktop.Accounts.User.xml,"    <arg name=""password"" direction=""in"" type=""s"">"
A0F6AD39-85D9-49CD-A2AA-710C29963747,accountsservice,dpkg,0.6.45-1ubuntu1,/usr/share/dbus-1/interfaces/org.freedesktop.Accounts.User.xml,           The password hint for the user.
192D0438-8793-41E1-89DB-79E032DAB691,accountsservice,dpkg,0.6.45-1ubuntu1,/usr/share/language-tools/language-options,    for ( keys %intersection ) {
A390DBA5-D231-4860-9379-7B382308D6A9,accountsservice,dpkg,0.6.45-1ubuntu1,/usr/share/doc/accountsservice/TODO,#NAME?
AF6647A5-44F9-4CA3-9008-85365E53F998,accountsservice,dpkg,0.6.45-1ubuntu1,/usr/share/language-tools/language-options,"print join(""\n"", sort keys %intersection) || 'en';"
28CCA274-2170-43BB-B5D2-945C1BC71B61,accountsservice,dpkg,0.6.45-1ubuntu1,/usr/share/dbus-1/interfaces/org.freedesktop.Accounts.User.xml,"  <method name=""SetXKeyboardLayouts"">"
B5E4E36D-C8E2-439A-9F02-959E213A7A5B,accountsservice,dpkg,0.6.45-1ubuntu1,/usr/share/language-tools/language-options,for ( keys %extended_localelist ) {
493B0C95-7029-4803-9A1E-9D95CE72CCF9,accountsservice,dpkg,0.6.45-1ubuntu1,/usr/share/dbus-1/interfaces/org.freedesktop.Accounts.User.xml,          Changes the users password mode.
725282AD-0037-4ABD-86B9-AC4193E4BBF8,accountsservice,dpkg,0.6.45-1ubuntu1,/usr/share/polkit-1/actions/org.freedesktop.accounts.policy,"    <description xml:lang=""nl"">Beheer gebruikersaccounts</description>"
F9413403-A61B-4E7B-AC71-B552E21A85C7,accountsservice,dpkg,0.6.45-1ubuntu1,/usr/share/dbus-1/interfaces/org.freedesktop.Accounts.User.xml,"  <method name=""SetPasswordHint"">"
06595D61-4ADF-45E2-AE89-B71C4B97E87B,accountsservice,dpkg,0.6.45-1ubuntu1,/usr/share/language-tools/language-options,"                         grep !/^\./, keys %translation_dirs;"
6CE21872-899A-454D-A626-BBB8C259E9ED,accountsservice,dpkg,0.6.45-1ubuntu1,/usr/share/dbus-1/interfaces/org.freedesktop.Accounts.User.xml,          The crypted password.
CF1774FD-8026-4354-A4D1-C3BAC8622448,accountsservice,dpkg,0.6.45-1ubuntu1,/usr/share/dbus-1/interfaces/org.freedesktop.Accounts.User.xml,          The name of the keyboard layouts to use as the user's keyboard layout.  The first is the default.
D0E56211-40F1-4A42-B51D-C69CC07D8B38,accountsservice,dpkg,0.6.45-1ubuntu1,/usr/share/dbus-1/interfaces/org.freedesktop.Accounts.User.xml,           The names of the user's keyboard layouts.
26D58212-BA9C-486F-A1D1-C7FD16E68265,accountsservice,dpkg,0.6.45-1ubuntu1,/usr/share/dbus-1/interfaces/org.freedesktop.Accounts.User.xml,            <doc:definition>To change the password of a user</doc:definition>
0071C103-0429-485E-8A62-D6EEC6437685,accountsservice,dpkg,0.6.45-1ubuntu1,/usr/share/dbus-1/interfaces/org.freedesktop.Accounts.User.xml,"          The password mode for the user account, encoded as an integer:"
05CFD396-406C-4E82-BA05-DFBBEAB51F63,accountsservice,dpkg,0.6.45-1ubuntu1,/usr/share/dbus-1/interfaces/org.freedesktop.Accounts.User.xml,              <doc:definition>No password</doc:definition>
A49EFA4F-F510-4374-BE5B-E074E8CC9896,accountsservice,dpkg,0.6.45-1ubuntu1,/usr/share/dbus-1/interfaces/org.freedesktop.Accounts.User.xml,"  <property name=""XKeyboardLayouts"" type=""as"" access=""read"">"
64C658EE-310E-4111-8FD3-EE4C31653691,accountsservice,dpkg,0.6.45-1ubuntu1,/usr/share/dbus-1/interfaces/org.freedesktop.Accounts.User.xml,          Note that setting a password has the side-effect of
E123C880-D000-4432-8D30-EE65397ACC8B,accountsservice,dpkg,0.6.45-1ubuntu1,/usr/share/dbus-1/interfaces/org.freedesktop.Accounts.User.xml,"  <method name=""SetPassword"">"
71A1B83C-7F66-40A8-B6A9-EF5CDAF3BBEC,accountsservice,dpkg,0.6.45-1ubuntu1,/usr/share/dbus-1/interfaces/org.freedesktop.Accounts.User.xml,          Sets a new password for this user.
98CDE1AC-C974-453D-9A12-F14D20D970A0,accountsservice,dpkg,0.6.45-1ubuntu1,/usr/share/dbus-1/interfaces/org.freedesktop.Accounts.User.xml,          Sets the user's keyboard layouts.
D07A18F4-CAE5-4182-830E-F9E3B07E5552,accountsservice,dpkg,0.6.45-1ubuntu1,/usr/share/dbus-1/interfaces/org.freedesktop.Accounts.User.xml,"  <method name=""GetPasswordExpirationPolicy"">"
795654E0-8364-4CAA-9B46-FDEF620C9E1E,accountsservice,dpkg,0.6.45-1ubuntu1,/usr/share/dbus-1/interfaces/org.freedesktop.Accounts.User.xml,"          The new password mode, encoded as an integer:"
F15B1B85-9AB0-4E2F-8494-FE1D98FE79B4,accountsservice,dpkg,0.6.45-1ubuntu1,/usr/share/dbus-1/interfaces/org.freedesktop.Accounts.User.xml,            <doc:definition>To change a users password mode</doc:definition>
