package,package_manager,version,full_path,line
accountsservice,dpkg,0.6.45-1ubuntu1,/usr/share/dbus-1/interfaces/org.freedesktop.Accounts.User.xml,              <doc:definition>Password must be set at next login</doc:definition>
accountsservice,dpkg,0.6.45-1ubuntu1,/usr/share/dbus-1/interfaces/org.freedesktop.Accounts.User.xml,           The names of the user's keyboard layouts.
accountsservice,dpkg,0.6.45-1ubuntu1,/usr/share/dbus-1/interfaces/org.freedesktop.Accounts.User.xml,          The name of the keyboard layouts to use as the user's keyboard layout.  The first is the default.
accountsservice,dpkg,0.6.45-1ubuntu1,/usr/share/dbus-1/interfaces/org.freedesktop.Accounts.User.xml,           The password hint for the user.
accountsservice,dpkg,0.6.45-1ubuntu1,/usr/share/dbus-1/interfaces/org.freedesktop.Accounts.User.xml,              <doc:definition>Regular password</doc:definition>
accountsservice,dpkg,0.6.45-1ubuntu1,/usr/share/dbus-1/interfaces/org.freedesktop.Accounts.User.xml,              <doc:definition>No password</doc:definition>
accountsservice,dpkg,0.6.45-1ubuntu1,/usr/share/dbus-1/interfaces/org.freedesktop.Accounts.User.xml,"          The password mode for the user account, encoded as an integer:"
accountsservice,dpkg,0.6.45-1ubuntu1,/usr/share/dbus-1/interfaces/org.freedesktop.Accounts.User.xml,          The password hint.
accountsservice,dpkg,0.6.45-1ubuntu1,/usr/share/dbus-1/interfaces/org.freedesktop.Accounts.User.xml,          The crypted password.
accountsservice,dpkg,0.6.45-1ubuntu1,/usr/share/dbus-1/interfaces/org.freedesktop.Accounts.User.xml,"  <property name=""XKeyboardLayouts"" type=""as"" access=""read"">"
accountsservice,dpkg,0.6.45-1ubuntu1,/usr/share/dbus-1/interfaces/org.freedesktop.Accounts.User.xml,"  <property name=""PasswordMode"" type=""i"" access=""read"">"
accountsservice,dpkg,0.6.45-1ubuntu1,/usr/share/dbus-1/interfaces/org.freedesktop.Accounts.User.xml,            <doc:definition>To change the password of a user</doc:definition>
accountsservice,dpkg,0.6.45-1ubuntu1,/usr/share/dbus-1/interfaces/org.freedesktop.Accounts.User.xml,            <doc:definition>To change his or her own keyboard layouts</doc:definition>
accountsservice,dpkg,0.6.45-1ubuntu1,/usr/share/dbus-1/interfaces/org.freedesktop.Accounts.User.xml,          Note that setting a password has the side-effect of
accountsservice,dpkg,0.6.45-1ubuntu1,/usr/share/dbus-1/interfaces/org.freedesktop.Accounts.User.xml,"  <method name=""SetPasswordHint"">"
accountsservice,dpkg,0.6.45-1ubuntu1,/usr/share/dbus-1/interfaces/org.freedesktop.Accounts.User.xml,"    <arg name=""password"" direction=""in"" type=""s"">"
accountsservice,dpkg,0.6.45-1ubuntu1,/usr/share/dbus-1/interfaces/org.freedesktop.Accounts.User.xml,"  <property name=""PasswordHint"" type=""s"" access=""read"">"
accountsservice,dpkg,0.6.45-1ubuntu1,/usr/share/dbus-1/interfaces/org.freedesktop.Accounts.User.xml,            <doc:definition>To change the keyboard layouts of another user</doc:definition>
accountsservice,dpkg,0.6.45-1ubuntu1,/usr/share/dbus-1/interfaces/org.freedesktop.Accounts.User.xml,            <doc:definition>To change a users password mode</doc:definition>
accountsservice,dpkg,0.6.45-1ubuntu1,/usr/share/dbus-1/interfaces/org.freedesktop.Accounts.User.xml,"          The new password mode, encoded as an integer:"
accountsservice,dpkg,0.6.45-1ubuntu1,/usr/share/dbus-1/interfaces/org.freedesktop.Accounts.User.xml,          Sets the user's keyboard layouts.
accountsservice,dpkg,0.6.45-1ubuntu1,/usr/share/dbus-1/interfaces/org.freedesktop.Accounts.User.xml,          Note that changing the password mode has the side-effect of
accountsservice,dpkg,0.6.45-1ubuntu1,/usr/share/dbus-1/interfaces/org.freedesktop.Accounts.User.xml,"  <method name=""SetPassword"">"
accountsservice,dpkg,0.6.45-1ubuntu1,/usr/share/dbus-1/interfaces/org.freedesktop.Accounts.User.xml,"  <method name=""GetPasswordExpirationPolicy"">"
accountsservice,dpkg,0.6.45-1ubuntu1,/usr/share/dbus-1/interfaces/org.freedesktop.Accounts.User.xml,"  <method name=""SetPasswordMode"">"
accountsservice,dpkg,0.6.45-1ubuntu1,/usr/share/dbus-1/interfaces/org.freedesktop.Accounts.User.xml,          Sets a new password for this user.
accountsservice,dpkg,0.6.45-1ubuntu1,/usr/share/dbus-1/interfaces/org.freedesktop.Accounts.User.xml,          Sets the users password hint.
accountsservice,dpkg,0.6.45-1ubuntu1,/usr/share/dbus-1/interfaces/org.freedesktop.Accounts.User.xml,          Changes the users password mode.
accountsservice,dpkg,0.6.45-1ubuntu1,/usr/share/dbus-1/interfaces/org.freedesktop.Accounts.User.xml,"  <method name=""SetXKeyboardLayouts"">"
accountsservice,dpkg,0.6.45-1ubuntu1,/usr/share/doc/accountsservice/TODO, rethink password setting
accountsservice,dpkg,0.6.45-1ubuntu1,/usr/share/language-tools/language-options,"                         grep !/^\./, keys %translation_dirs;"
accountsservice,dpkg,0.6.45-1ubuntu1,/usr/share/language-tools/language-options,    for my $langcode ( keys %count ) {
accountsservice,dpkg,0.6.45-1ubuntu1,/usr/share/language-tools/language-options,"print join(""\n"", sort keys %intersection) || 'en';"
accountsservice,dpkg,0.6.45-1ubuntu1,/usr/share/language-tools/language-options,            for my $lang ( keys %langpack_langcodes ) {
accountsservice,dpkg,0.6.45-1ubuntu1,/usr/share/language-tools/language-options,for ( keys %extended_localelist ) {
accountsservice,dpkg,0.6.45-1ubuntu1,/usr/share/language-tools/language-options,    for ( keys %intersection ) {
accountsservice,dpkg,0.6.45-1ubuntu1,/usr/share/polkit-1/actions/org.freedesktop.accounts.policy,"    <annotate key=""org.gnome.gconf.defaults.set-mandatory.prefix"">/apps/gdm/simple-greeter</annotate>"
accountsservice,dpkg,0.6.45-1ubuntu1,/usr/share/polkit-1/actions/org.freedesktop.accounts.policy,"    <description xml:lang=""nl"">Beheer gebruikersaccounts</description>"
